1,Bulbasaur,Grass,Poison,318,45,49,49,65,65,45,1,FALSE,16,1,Tackle,3,Growl,7,Vine Whip,9,Vine Whip,13,Poison Powder,13,Sleep Powder,15,Take Down,19,Razor Leaf,21,Sweet Scent,25,Growth,27,Double-Edge,31,Worry Seed,33,Synthesis,37,Seed Bomb,,,,,,,,,,,,,,,,,,,,
2,Ivysaur,Grass,Poison,405,60,62,63,80,80,60,1,FALSE,32,1,Tackle,1,Growl,1,Leech Seed,3,Growl,7,Leech Seed,9,Vine Whip,13,Poison Powder,13,Sleep Powder,15,Take Down,20,Razor Leaf,23,Sweet Scent,28,Growth,31,Double-Edge,36,Worry Seed,39,Synthesis,44,Solar Beam,,,,,,,,,,,,,,,,
3,Venusaur,Grass,Poison,525,80,82,83,100,100,80,1,FALSE,0,1,Petal Dance,1,Tackle,1,Growl,1,Leech Seed,1,Vine Whip,0,Petal Dance,3,Growl,7,Leech Seed,9,Vine Whip,13,Poison Powder,13,Sleep Powder,15,Take Down,20,Razor Leaf,23,Sweet Scent,28,Growth,31,Double-Edge,39,Worry Seed,45,Synthesis,50,Petal Blizzard,53,Solar Beam,,,,,,,,
4,Charmander,Fire,,309,39,52,43,60,50,65,1,FALSE,16,1,Scratch,1,Growl,7,Ember,10,Smokescreen,16,Dragon Rage,19,Scary Face,25,Fire Fang,28,Flame Burst,34,Slash,37,Flamethrower,43,Fire Spin,46,Inferno,,,,,,,,,,,,,,,,,,,,,,,,
5,Charmeleon,Fire,,405,58,64,58,80,65,80,1,FALSE,36,1,Scratch,1,Growl,1,Ember,7,Ember,10,Smokescreen,17,Dragon Rage,21,Scary Face,28,Fire Fang,32,Flame Burst,39,Slash,43,Flamethrower,50,Fire Spin,54,Inferno,,,,,,,,,,,,,,,,,,,,,,
6,Charizard,Fire,Flying,534,78,84,78,109,85,100,1,FALSE,0,1,Wing Attack,1,Flare Blitz,1,Heat Wave,1,Dragon Claw,1,Shadow Claw,1,Air Slash,1,Scratch,1,Growl,1,Ember,0,Wing Attack,7,Ember,10,Smokescreen,17,Dragon Rage,21,Scary Face,28,Fire Fang,32,Flame Burst,41,Slash,47,Flamethrower,56,Fire Spin,62,Inferno,71,Heat Wave,77,Flare Blitz,,,,
7,Squirtle,Water,,314,44,48,65,50,64,43,1,FALSE,16,1,Tackle,4,Tail Whip,7,Water Gun,10,Withdraw,13,Bubble,16,Bite,19,Rapid Spin,22,Protect,25,Water Pulse,28,Aqua Tail,31,Skull Bash,34,Iron Defense,37,Rain Dance,40,Hydro Pump,,,,,,,,,,,,,,,,,,,,
8,Wartortle,Water,,405,59,63,80,65,80,58,1,FALSE,36,1,Tackle,1,Tail Whip,1,Water Gun,4,Tail Whip,7,Water Gun,10,Withdraw,13,Bubble,17,Bite,21,Rapid Spin,25,Protect,29,Water Pulse,33,Aqua Tail,37,Skull Bash,41,Iron Defense,45,Rain Dance,49,Hydro Pump,,,,,,,,,,,,,,,,
9,Blastoise,Water,,530,79,83,100,85,105,78,1,FALSE,0,1,Flash Cannon,1,Tackle,1,Tail Whip,1,Water Gun,1,Withdraw,4,Tail Whip,7,Water Gun,10,Withdraw,13,Bubble,17,Bite,21,Rapid Spin,25,Protect,29,Water Pulse,33,Aqua Tail,40,Skull Bash,47,Iron Defense,54,Rain Dance,60,Hydro Pump,,,,,,,,,,,,
10,Caterpie,Bug,,195,45,30,35,20,20,45,1,FALSE,7,1,Tackle,1,String Shot,9,Bug Bite,,,,,,,,,,,,,,,,,,,,,,,,,,,,,,,,,,,,,,,,,,
11,Metapod,Bug,,205,50,20,55,25,25,30,1,FALSE,10,1,Harden,0,Harden,,,,,,,,,,,,,,,,,,,,,,,,,,,,,,,,,,,,,,,,,,,,
12,Butterfree,Bug,Flying,395,60,45,50,90,80,70,1,FALSE,0,1,Gust,1,Confusion,0,Gust,11,Confusion,13,Poison Powder,13,Stun Spore,13,Sleep Powder,17,Psybeam,19,Silver Wind,23,Supersonic,25,Safeguard,29,Whirlwind,31,Bug Buzz,35,Rage Powder,37,Captivate,41,Tailwind,43,Air Slash,47,Quiver Dance,,,,,,,,,,,,
13,Weedle,Bug,Poison,195,40,35,30,20,20,50,1,FALSE,7,1,Poison Sting,1,String Shot,9,Bug Bite,,,,,,,,,,,,,,,,,,,,,,,,,,,,,,,,,,,,,,,,,,
14,Kakuna,Bug,Poison,205,45,25,50,25,25,35,1,FALSE,10,1,Harden,0,Harden,,,,,,,,,,,,,,,,,,,,,,,,,,,,,,,,,,,,,,,,,,,,
15,Beedrill,Bug,Poison,395,65,90,40,45,80,75,1,FALSE,0,1,Twineedle,1,Fury Attack,0,Twineedle,11,Fury Attack,14,Rage,17,Pursuit,20,Focus Energy,23,Venoshock,26,Assurance,29,Toxic Spikes,32,Pin Missile,35,Poison Jab,38,Agility,41,Endeavor,44,Fell Stinger,,,,,,,,,,,,,,,,,,
16,Pidgey,Normal,Flying,251,40,45,40,35,35,56,1,FALSE,18,1,Tackle,5,Sand Attack,9,Gust,13,Quick Attack,17,Whirlwind,21,Twister,25,Feather Dance,,29,Agility,33,Wing Attack,37,Roost,41,Tailwind,45,Mirror Move,49,Air Slash,53,Hurricane,,,,,,,,,,,,,,,,,,,
17,Pidgeotto,Normal,Flying,349,63,60,55,50,50,71,1,FALSE,36,1,Tackle,1,Sand Attack,1,Gust,5,Sand Attack,9,Gust,13,Quick Attack,17,Whirlwind,22,Twister,27,Feather Dance,32,Agility,37,Wing Attack,42,Roost,47,Tailwind,52,Mirror Move,57,Air Slash,62,Hurricane,,,,,,,,,,,,,,,,
18,Pidgeot,Normal,Flying,479,83,80,75,70,70,101,1,FALSE,0,1,Hurricane,1,Tackle,1,Sand Attack,1,Gust,1,Quick Attack,5,Sand Attack,9,Gust,13,Quick Attack,17,Whirlwind,22,Twister,27,Feather Dance,32,Agility,38,Wing Attack,44,Roost,50,Tailwind,56,Mirror Move,62,Air Slash,68,Hurricane,,,,,,,,,,,,
19,Rattata,Normal,,253,30,56,35,25,35,72,1,FALSE,20,1,Tackle,1,Tail Whip,4,Quick Attack,7,Focus Energy,10,Bite,13,Pursuit,16,Hyper Fang,19,Assurance,22,Crunch,25,Sucker Punch,28,Super Fang,31,Double-Edge,34,Endeavor,,,,,,,,,,,,,,,,,,,,,,
20,Raticate,Normal,,413,55,81,60,50,70,97,1,FALSE,0,1,Swords Dance,1,Tackle,1,Tail Whip,1,Quick Attack,1,Focus Energy,0,Scary Face,4,Quick Attack,7,Focus Energy,10,Bite,13,Pursuit,16,Hyper Fang,19,Assurance,24,Crunch,29,Sucker Punch,34,Super Fang,39,Double-Edge,44,Endeavor,,,,,,,,,,,,,,
21,Spearow,Normal,Flying,262,40,60,30,31,31,70,1,FALSE,20,1,Peck,1,Growl,4,Leer,8,Pursuit,11,Fury Attack,15,Aerial Ace,18,Mirror Move,22,Assurance,25,Agility,29,Focus Energy,32,Roost,36,Drill Peck,,,,,,,,,,,,,,,,,,,,,,,,
22,Fearow,Normal,Flying,442,65,90,65,61,61,100,1,FALSE,0,1,Drill Run,1,Pluck,1,Peck,1,Growl,1,Leer,1,Pursuit,4,Leer,8,Pursuit,11,Fury Attack,15,Aerial Ace,18,Mirror Move,23,Assurance,27,Agility,32,Focus Energy,36,Roost,41,Drill Peck,45,Drill Run,,,,,,,,,,,,,,
23,Ekans,Poison,,288,35,60,44,40,54,55,1,FALSE,22,1,Wrap,1,Leer,4,Poison Sting,9,Bite,12,Glare,17,Screech,20,Acid,25,Stockpile,25,Swallow,25,Spit Up,28,Acid Spray,33,Mud Bomb,36,Gastro Acid,38,Belch,41,Haze,44,Coil,49,Gunk Shot,,,,,,,,,,,,,,
24,Arbok,Poison,,438,60,85,69,65,79,80,1,FALSE,0,1,Crunch,1,Ice Fang,1,Thunder Fang,1,Fire Fang,1,Wrap,1,Leer,1,Poison Sting,1,Bite,0,Crunch,4,Poison Sting,9,Bite,12,Glare,17,Screech,20,Acid,27,Stockpile,27,Swallow,27,Spit Up,32,Acid Spray,39,Mud Bomb,44,Gastro Acid,48,Belch,51,Haze,56,Coil,63,Gunk Shot
25,Pikachu,Electric,,320,35,55,40,50,50,90,1,FALSE,ThunderStone,1,Tail Whip,1,Thunder Shock,5,Growl,7,Play Nice,10,Quick Attack,13,Electro Ball,18,Thunder Wave,21,Feint,23,Double Team,26,Spark,29,Nuzzle,34,Discharge,37,Slam,42,Thunderbolt,45,Agility,50,Wild Charge,53,Light Screen,58,Thunder,,,,,,,,,,,,
26,Raichu,Electric,,485,60,90,55,90,80,110,1,FALSE,0,1,Thunder Shock,1,Tail Whip,1,Quick Attack,1,Thunderbolt,,,,,,,,,,,,,,,,,,,,,,,,,,,,,,,,,,,,,,,,
27,Sandshrew,Ground,,300,50,75,85,20,30,40,1,FALSE,22,1,Scratch,1,Defense Curl,3,Sand Attack,5,Poison Sting,7,Rollout,9,Rapid Spin,11,Fury Cutter,14,Magnitude,17,Swift,20,Fury Swipes,23,Sand Tomb,26,Slash,30,Dig,34,Gyro Ball,38,Swords Dance,42,Sandstorm,46,Earthquake,,,,,,,,,,,,,,
28,Sandslash,Ground,,450,75,100,110,45,55,65,1,FALSE,0,1,Crush Claw,1,Scratch,1,Defense Curl,1,Sand Attack,1,Poison Sting,0,Crush Claw,3,Sand Attack,5,Poison Sting,7,Rollout,9,Rapid Spin,11,Fury Cutter,14,Magnitude,17,Swift,20,Fury Swipes,24,Sand Tomb,28,Slash,33,Dig,38,Gyro Ball,43,Swords Dance,48,Sandstorm,53,Earthquake,,,,,,
29,Nidoran?,Poison,,275,55,47,52,40,40,41,1,FALSE,16,1,Growl,1,Scratch,7,Tail Whip,9,Double Kick,13,Poison Sting,19,Fury Swipes,21,Bite,25,Helping Hand,31,Toxic Spikes,33,Flatter,37,Crunch,43,Captivate,45,Poison Fang,,,,,,,,,,,,,,,,,,,,,,
30,Nidorina,Poison,,365,70,62,67,55,55,56,1,FALSE,MoonStone,1,Growl,1,Scratch,7,Tail Whip,9,Double Kick,13,Poison Sting,20,Fury Swipes,23,Bite,28,Helping Hand,35,Toxic Spikes,43,Crunch,50,Captivate,58,Poison Fang,,,,,,,,,,,,,,,,,,,,,,,,
31,Nidoqueen,Poison,Ground,505,90,92,87,75,85,76,1,FALSE,0,1,Superpower,1,Scratch,1,Tail Whip,1,Double Kick,1,Poison Sting,23,Chip Away,35,Body Slam,43,Earth Power,58,Superpower,,,,,,,,,,,,,,,,,,,,,,,,,,,,,,
32,Nidoran?,Poison,,273,46,57,40,40,40,50,1,FALSE,16,1,Leer,1,Peck,7,Focus Energy,9,Double Kick,13,Poison Sting,19,Fury Attack,21,Horn Attack,25,Helping Hand,31,Toxic Spikes,33,Flatter,37,Poison Jab,43,Captivate,45,Horn Drill,,,,,,,,,,,,,,,,,,,,,,
33,Nidorino,Poison,,365,61,72,57,55,55,65,1,FALSE,MoonStone,1,Leer,1,Peck,7,Focus Energy,9,Double Kick,13,Poison Sting,20,Fury Attack,23,Horn Attack,28,Helping Hand,35,Toxic Spikes,38,Flatter,43,Poison Jab,50,Captivate,58,Horn Drill,,,,,,,,,,,,,,,,,,,,,,
34,Nidoking,Poison,Ground,505,81,102,77,85,75,85,1,FALSE,0,1,Megahorn,1,Peck,1,Focus Energy,1,Double Kick,1,Poison Sting,23,Chip Away,35,Thrash,43,Earth Power,58,Megahorn,,,,,,,,,,,,,,,,,,,,,,,,,,,,,,
35,Clefairy,Fairy,,323,70,45,48,60,65,35,1,FALSE,MoonStone,1,Spotlight,1,Disarming Voice,1,Pound,1,Growl,1,Encore,7,Sing,10,Double Slap,13,Defense Curl,16,Follow Me,19,Bestow,22,Wake-Up Slap,25,Minimize,28,Stored Power,31,Metronome,34,Cosmic Power,37,Lucky Chant,40,Body Slam,43,Moonlight,46,Moonblast,49,Gravity,50,Meteor Mash,55,Healing Wish,58,After You,,
36,Clefable,Fairy,,483,95,70,73,95,90,60,1,FALSE,0,1,Spotlight,1,Disarming Voice,1,Sing,1,Double Slap,1,Minimize,1,Metronome,,,,,,,,,,,,,,,,,,,,,,,,,,,,,,,,,,,,
37,Vulpix,Fire,,299,38,41,40,50,65,65,1,FALSE,FireStone,1,Ember,4,Tail Whip,7,Roar,9,Baby-Doll Eyes,10,Quick Attack,12,Confuse Ray,15,Fire Spin,18,Payback,20,Will-O-Wisp,23,Feint Attack,26,Hex,28,Flame Burst,31,Extrasensory,34,Safeguard,36,Flamethrower,39,Imprison,42,Fire Blast,44,Grudge,47,Captivate,50,Inferno,,,,,,,,
38,Ninetales,Fire,,505,73,76,75,81,100,100,1,FALSE,0,1,Imprison,1,Nasty Plot,1,Flamethrower,1,Quick Attack,1,Confuse Ray,1,Safeguard,,,,,,,,,,,,,,,,,,,,,,,,,,,,,,,,,,,,
39,Jigglypuff,Normal,Fairy,270,115,45,20,45,25,20,1,FALSE,MoonStone,1,Sing,3,Defense Curl,5,Pound,9,Play Nice,11,Disarming Voice,14,Disable,17,Double Slap,20,Rollout,22,Round,25,Stockpile,25,Swallow,25,Spit Up,27,Wake-Up Slap,30,Rest,32,Body Slam,35,Gyro Ball,38,Mimic,41,Hyper Voice,45,Double-Ed,,,,,,,,,,
40,Wigglytuff,Normal,Fairy,435,140,70,45,85,50,45,1,FALSE,0,1,Double-Edge,1,Play Rough,1,Sing,1,Defense Curl,1,Disable,1,Double Slap,,,,,,,,,,,,,,,,,,,,,,,,,,,,,,,,,,,,
41,Zubat,Poison,Flying,245,40,45,35,30,40,55,1,FALSE,22,1,Absorb,5,Supersonic,7,Astonish,11,Bite,13,Wing Attack,17,Confuse Ray,19,Air Cutter,23,Swift,25,Poison Fang,29,Mean Look,31,Leech Life,35,Haze,37,Venoshock,41,Air Slash,43,Quick Guard,,,,,,,,,,,,,,,,,,
42,Golbat,Poison,Flying,455,75,80,70,65,75,90,1,FALSE,0,1,Screech,1,Absorb,1,Supersonic,1,Astonish,1,Bite,5,Supersonic,7,Astonish,11,Bite,13,Wing Attack,17,Confuse Ray,19,Air Cutter,24,Swift,27,Poison Fang,32,Mean Look,35,Leech Life,40,Haze,43,Venoshock,48,Air Slash,51,Quick Guard,,,,,,,,,,
43,Oddish,Grass,Poison,320,45,50,55,75,65,30,1,FALSE,21,1,Absorb,1,Growth,5,Sweet Scent,9,Acid,13,Poison Powder,14,Stun Spore,15,Sleep Powder,19,Mega Drain,23,Lucky Chant,27,Moonlight,31,Giga Drain,35,Toxic,39,Natural Gift,43,Moonblast,47,Grassy Terrain,51,Petal Dance,,,,,,,,,,,,,,,,
44,Gloom,Grass,Poison,395,60,65,70,85,75,40,1,FALSE,LeafStone,1,Absorb,1,Growth,1,Sweet Scent,1,Acid,5,Sweet Scent,9,Acid,13,Poison Powder,,14,Stun Spore,15,Sleep Powder,19,Mega Drain,24,Lucky Chant,29,Moonlight,34,Giga Drain,39,Toxic,44,Natural Gift,49,Petal Blizzard,54,Grassy Terrain,59,Petal Dance,,,,,,,,,,,
45,Vileplume,Grass,Poison,490,75,80,85,110,90,50,1,FALSE,0,1,Mega Drain,1,Aromatherapy,1,Poison Powder,1,Stun Spore,49,Petal Blizzard,59,Petal Dance,69,Solar Beam,,,,,,,,,,,,,,,,,,,,,,,,,,,,,,,,,,
46,Paras,Bug,Grass,285,35,70,55,45,55,25,1,FALSE,24,1,Scratch,6,Stun Spore,6,Poison Powder,11,Absorb,17,Fury Cutter,22,Spore,27,Slash,33,Growth,38,Giga Drain,43,Aromatherapy,49,Rage Powder,54,X-Scissor,,,,,,,,,,,,,,,,,,,,,,,,
47,Parasect,Bug,Grass,405,60,95,80,60,80,30,1,FALSE,0,1,Cross Poison,1,Scratch,1,Stun Spore,1,Poison Powder,1,Absorb,6,Stun Spore,6,Poison Powder,11,Absorb,17,Fury Cutter,22,Spore,29,Slash,37,Growth,44,Giga Drain,51,Aromatherapy,59,Rage Powder,66,X-Scissor,,,,,,,,,,,,,,,,
48,Venonat,Bug,Poison,305,60,55,50,40,55,45,1,FALSE,31,1,Tackle,1,Disable,1,Foresight,5,Supersonic,11,Confusion,13,Poison Powder,17,Psybeam,23,Stun Spore,25,Signal Beam,29,Sleep Powder,35,Leech Life,37,Zen Headbutt,41,Poison Fang,47,Psychic,,,,,,,,,,,,,,,,,,,,
49,Venomoth,Bug,Poison,450,70,65,60,90,75,90,1,FALSE,0,1,Gust,1,Quiver Dance,1,Bug Buzz,1,Silver Wind,1,Tackle,1,Disable,1,Foresight,1,Supersonic,0,Gust,5,Supersonic,11,Confusion,13,Poison Powder,17,Psybeam,23,Stun Spore,25,Signal Beam,29,Sleep Powder,37,Leech Life,41,Zen Headbutt,47,Poison Fang,55,Psychic,59,Bug Buzz,63,Quiver Dance,,,,
50,Diglett,Ground,,265,10,55,25,35,45,95,1,FALSE,26,1,Sand Attack,1,Scratch,4,Growl,7,Astonish,10,Mud-Slap,14,Magnitude,18,Bulldoze,22,Sucker Punch,25,Mud Bomb,28,Earth Power,31,Dig,35,Slash,39,Earthquake,43,Fissure,,,,,,,,,,,,,,,,,,,,
51,Dugtrio,Ground,,405,35,80,50,50,70,120,1,FALSE,0,1,Sand Tomb,1,Rototiller,1,Night Slash,1,Tri Attack,1,Scratch,1,Sand Attack,1,Growl,0,Sand Tomb,4,Growl,7,Astonish,10,Mud-Slap,14,Magnitude,18,Bulldoze,22,Sucker Punch,25,Mud Bomb,30,Earth Power,35,Dig,41,Slash,47,Earthquake,53,Fissure,,,,,,,,
52,Meowth,Normal,,290,40,45,35,40,40,90,1,FALSE,28,1,Scratch,1,Growl,6,Bite,9,Fake Out,14,Fury Swipes,17,Screech,22,Feint Attack,25,Taunt,30,Pay Day,33,Slash,38,Nasty Plot,41,Assurance,46,Captivate,49,Night Slash,50,Feint,,,,,,,,,,,,,,,,,,
53,Persian,Normal,,440,65,70,60,65,65,115,1,FALSE,0,1,Swift,1,Play Rough,1,Switcheroo,1,Scratch,1,Growl,1,Bite,1,Fake Out,0,Swift,6,Bite,9,Fake Out,14,Fury Swipes,17,Screech,22,Feint Attack,25,Taunt,32,Power Gem,37,Slash,44,Nasty Plot,49,Assurance,56,Captivate,61,Night Slash,65,Feint,,,,,,
54,Psyduck,Water,,320,50,52,48,65,50,55,1,FALSE,33,1,Water Sport,1,Scratch,4,Tail Whip,7,Water Gun,10,Confusion,13,Fury Swipes,16,Water Pulse,19,Disable,22,Screech,25,Zen Headbutt,28,Aqua Tail,31,Soak,34,Psych Up,37,Amnesia,40,Hydro Pump,43,Wonder Room,,,,,,,,,,,,,,,,
55,Golduck,Water,,500,80,82,78,95,80,85,1,FALSE,0,1,Me First,1,Aqua Jet,1,Water Sport,1,Scratch,1,Tail Whip,1,Water Gun,4,Tail Whip,7,Water Gun,10,Confusion,13,Fury Swipes,16,Water Pulse,19,Disable,22,Screech,25,Zen Headbutt,28,Aqua Tail,31,Soak,36,Psych Up,41,Amnesia,46,Hydro Pump,51,Wonder Room,,,,,,,,
56,Mankey,Fighting,,305,40,80,35,35,45,70,1,FALSE,28,1,Covet,1,Scratch,1,Low Kick,1,Leer,1,Focus Energy,5,Fury Swipes,8,Karate Chop,12,Pursuit,15,Seismic Toss,19,Swagger,22,Cross Chop,26,Assurance,29,Punishment,33,Thrash,36,Close Combat,40,Screech,43,Stomping Tantrum,47,Outrage,50,Final Gambit,,,,,,,,,,
57,Primeape,Fighting,,455,65,105,60,60,70,95,1,FALSE,0,1,Rage,1,Final Gambit,1,Fling,1,Scratch,1,Low Kick,1,Leer,1,Focus Energy,0,Rage,5,Fury Swipes,8,Karate Chop,12,Pursuit,15,Seismic Toss,19,Swagger,22,Cross Chop,26,Assurance,30,Punishment,35,Thrash,39,Close Combat,44,Screech,48,Stomping Tantrum,53,Outrage,57,Final Gambit,,,,
58,Growlithe,Fire,,350,55,70,45,70,50,60,1,FALSE,FireStone,1,Bite,1,Roar,6,Ember,8,Leer,10,Odor Sleuth,12,Helping Hand,17,Flame Wheel,19,Reversal,21,Fire Fang,23,Take Down,28,Flame Burst,30,Agility,32,Retaliate,34,Flamethrower,39,Crunch,41,Heat Wave,43,Outrage,45,Flare Blitz,,,,,,,,,,,,
59,Arcanine,Fire,,555,90,110,80,100,80,95,1,FALSE,0,1,Thunder Fang,1,Bite,1,Roar,1,Odor Sleuth,1,Fire Fang,34,Extreme Speed,,,,,,,,,,,,,,,,,,,,,,,,,,,,,,,,,,,,
60,Poliwag,Water,,300,40,50,40,40,40,90,1,FALSE,25,1,Water Sport,5,Water Gun,8,Hypnosis,11,Bubble,15,Double Slap,18,Rain Dance,21,Body Slam,25,Bubble Beam,28,Mud Shot,31,Belly Drum,35,Wake-Up Slap,38,Hydro Pump,41,Mud Bomb,,,,,,,,,,,,,,,,,,,,,,
61,Poliwhirl,Water,,385,65,65,65,50,50,90,1,FALSE,WaterStone,1,Water Sport,1,Water Gun,1,Hypnosis,5,Water Gun,8,Hypnosis,11,Bubble,15,Double Slap,18,Rain Dance,21,Body Slam,27,Bubble Beam,32,Mud Shot,37,Belly Drum,43,Wake-Up Slap,48,Hydro Pump,53,Mud Bomb,,,,,,,,,,,,,,,,,,
62,Poliwrath,Water,Fighting,510,90,95,95,70,90,70,1,FALSE,0,1,Submission,1,Circle Throw,1,Bubble Beam,1,Hypnosis,1,Double Slap,0,Submission,32,Dynamic Punch,43,Mind Reader,53,Circle Throw,,,,,,,,,,,,,,,,,,,,,,,,,,,,,,
63,Abra,Psychic,,310,25,20,15,105,55,90,1,FALSE,16,1,Teleport,,,,,,,,,,,,,,,,,,,,,,,,,,,,,,,,,,,,,,,,,,,,,,
64,Kadabra,Psychic,,400,40,35,30,120,70,105,1,FALSE,64,1,Kinesis,1,Teleport,1,Confusion,0,Kinesis,16,Confusion,18,Disable,21,Psybeam,23,Miracle Eye,26,Reflect,28,Psycho Cut,31,Recover,33,Telekinesis,36,Ally Switch,38,Psychic,41,Role Play,43,Future Sight,46,Trick,,,,,,,,,,,,,,
65,Alakazam,Psychic,,500,55,50,45,135,95,120,1,FALSE,0,1,Kinesis,1,Teleport,1,Confusion,0,Kinesis,16,Confusion,18,Disable,21,Psybeam,23,Miracle Eye,26,Reflect,28,Psycho Cut,31,Recover,33,Telekinesis,36,Ally Switch,38,Psychic,41,Calm Mind,43,Future Sight,46,Trick,,,,,,,,,,,,,,
66,Machop,Fighting,,305,70,80,50,35,35,35,1,FALSE,28,1,Low Kick,1,Leer,3,Focus Energy,7,Karate Chop,9,Foresight,13,Low Sweep,15,Seismic Toss,19,Revenge,21,Knock Off,25,Vital Throw,27,Wake-Up Slap,31,Dual Chop,33,Submission,37,Bulk Up,39,Cross Chop,43,Scary Face,45,Dynamic Punch,,,,,,,,,,,,,,
67,Machoke,Fighting,,405,80,100,70,50,60,45,1,FALSE,64,1,Low Kick,1,Leer,1,Focus Energy,1,Karate Chop,3,Focus Energy,7,Karate Chop,9,Foresight,13,Low Sweep,15,Seismic Toss,19,Revenge,21,Knock Off,25,Vital Throw,27,Wake-Up Slap,33,Dual Chop,37,Submission,43,Bulk Up,47,Cross Chop,53,Scary Face,57,Dynamic Punch,,,,,,,,,,
68,Machamp,Fighting,,505,90,130,80,65,85,55,1,FALSE,0,1,Strength,1,Wide Guard,1,Low Kick,1,Leer,1,Focus Energy,1,Karate Chop,0,Strength,3,Focus Energy,7,Karate Chop,9,Foresight,13,Low Sweep,15,Seismic Toss,19,Revenge,21,Knock Off,25,Vital Throw,27,Wake-Up Slap,33,Dual Chop,37,Submission,43,Bulk Up,47,Cross Chop,53,Scary Face,57,Dynamic Punch,,,,
69,Bellsprout,Grass,Poison,300,50,75,35,70,30,40,1,FALSE,21,1,Vine Whip,7,Growth,11,Wrap,13,Sleep Powder,15,Poison Powder,17,Stun Spore,23,Acid,27,Knock Off,29,Sweet Scent,35,Gastro Acid,39,Razor Leaf,41,Poison Jab,47,Slam,50,Wring Out,,,,,,,,,,,,,,,,,,,,
70,Weepinbell,Grass,Poison,390,65,90,50,85,45,55,1,FALSE,LeafStone,1,Vine Whip,1,Growth,1,Wrap,7,Growth,11,Wrap,13,Sleep Powder,15,Poison Powder,17,Stun Spore,24,Acid,29,Knock Off,32,Sweet Scent,39,Gastro Acid,44,Razor Leaf,47,Poison Jab,54,Slam,58,Wring Out,,,,,,,,,,,,,,,,
71,Victreebel,Grass,Poison,490,80,105,65,100,70,70,1,FALSE,0,1,Leaf Tornado,1,Stockpile,1,Swallow,1,Spit Up,1,Vine Whip,1,Sleep Powder,1,Sweet Scent,1,Razor Leaf,0,Leaf Tornado,32,Leaf Storm,44,Leaf Blade,,,,,,,,,,,,,,,,,,,,,,,,,,
72,Tentacool,Water,Poison,335,40,40,35,50,100,70,1,FALSE,30,1,Poison Sting,4,Supersonic,7,Constrict,10,Acid,13,Toxic Spikes,16,Water Pulse,19,Wrap,22,Acid Spray,25,Bubble Beam,28,Barrier,31,Poison Jab,34,Brine,37,Screech,40,Hex,43,Sludge Wave,46,Hydro Pump,49,Wring Out,,,,,,,,,,,,,,
73,Tentacruel,Water,Poison,515,80,70,65,80,120,100,1,FALSE,0,1,Reflect Type,1,Wring Out,1,Poison Sting,1,Supersonic,1,Constrict,1,Acid,4,Supersonic,7,Constrict,10,Acid,13,Toxic Spikes,16,Water Pulse,19,Wrap,22,Acid Spray,25,Bubble Beam,28,Barrier,32,Poison Jab,36,Brine,40,Screech,44,Hex,48,Sludge Wave,52,Hydro Pump,56,Wring Out,,,,
74,Geodude,Rock,Ground,300,40,80,100,30,30,20,1,FALSE,25,1,Tackle,1,Defense Curl,4,Mud Sport,6,Rock Polish,10,Rollout,12,Magnitude,16,Rock Throw,18,Smack Down,22,Bulldoze,24,Self-Destruct,28,Stealth Rock,30,Rock Blast,34,Earthquake,36,Explosion,40,Double-Edge,42,Stone Edge,,,,,,,,,,,,,,,,
75,Graveler,Rock,Ground,390,55,95,115,45,45,35,1,FALSE,64,1,Tackle,1,Defense Curl,1,Mud Sport,1,Rock Polish,4,Mud Sport,6,Rock Polish,10,Rollout,12,Magnitude,16,Rock Throw,18,Smack Down,22,Bulldoze,24,Self-Destruct,30,Stealth Rock,34,Rock Blast,40,Earthquake,44,Explosion,50,Double-Edge,54,Stone Edge,,,,,,,,,,,,
76,Golem,Rock,Ground,495,80,120,130,55,65,45,1,FALSE,0,1,Heavy Slam,1,Tackle,1,Defense Curl,1,Mud Sport,1,Rock Polish,4,Mud Sport,6,Rock Polish,10,Steamroller,12,Magnitude,16,Rock Throw,18,Smack Down,22,Bulldoze,24,Self-Destruct,30,Stealth Rock,34,Rock Blast,40,Earthquake,44,Explosion,50,Double-Edge,54,Stone Edge,60,Heavy Slam,,,,,,,,
77,Ponyta,Fire,,410,50,85,55,65,65,90,1,FALSE,40,1,Growl,1,Tackle,4,Tail Whip,9,Ember,13,Flame Wheel,17,Stomp,21,Flame Charge,25,Fire Spin,29,Take Down,33,Inferno,37,Agility,41,Fire Blast,45,Bounce,49,Flare Blitz,,,,,,,,,,,,,,,,,,,,
78,Rapidash,Fire,,500,65,100,70,80,80,105,1,FALSE,0,1,Fury Attack,1,Poison Jab,1,Megahorn,1,Growl,1,Quick Attack,1,Tail Whip,1,Ember,0,Fury Attack,4,Tail Whip,9,Ember,13,Flame Wheel,17,Stomp,21,Flame Charge,25,Fire Spin,29,Take Down,33,Inferno,37,Agility,41,Fire Blast,45,Bounce,49,Flare Blitz,,,,,,,,
79,Slowpoke,Water,Psychic,315,90,65,65,40,40,15,1,FALSE,37,1,Curse,1,Yawn,1,Tackle,5,Growl,9,Water Gun,14,Confusion,19,Disable,23,Headbutt,28,Water Pulse,32,Zen Headbutt,36,Slack Off,41,Amnesia,45,Psychic,49,Rain Dance,54,Psych Up,58,Heal Pulse,,,,,,,,,,,,,,,,
80,Slowbro,Water,Psychic,490,95,75,110,100,80,30,1,FALSE,0,1,Withdraw,1,Heal Pulse,1,Curse,1,Yawn,1,Tackle,1,Growl,0,Withdraw,5,Growl,9,Water Gun,14,Confusion,19,Disable,23,Headbutt,28,Water Pulse,32,Zen Headbutt,36,Slack Off,43,Amnesia,49,Psychic,55,Rain Dance,62,Psych Up,68,Heal Pulse,,,,,,,,
81,Magnemite,Electric,Steel,325,25,35,70,95,55,45,1,FALSE,30,1,Tackle,1,Supersonic,5,Thunder Shock,7,Magnet Bomb,11,Thunder Wave,13,Light Screen,17,Sonic Boom,19,Spark,23,Mirror Shot,25,Metal Sound,29,Electro Ball,31,Flash Cannon,35,Screech,37,Discharge,41,Lock-On,43,Magnet Rise,47,Gyro Ball,49,Zap Cannon,,,,,,,,,,,,
82,Magneton,Electric,Steel,465,50,60,95,120,70,70,1,FALSE,0,1,Tri Attack,1,Zap Cannon,1,Electric Terrain,1,Tackle,1,Supersonic,1,Thunder Shock,1,Magnet Bomb,0,Tri Attack,5,Thunder Shock,7,Magnet Bomb,11,Thunder Wave,13,Light Screen,17,Sonic Boom,19,Spark,23,Mirror Shot,25,Metal Sound,29,Electro Ball,33,Flash Cannon,39,Screech,43,Discharge,49,Lock-On,53,Magnet Rise,59,Gyro Ball,63,Zap Cannon
83,Farfetch'd,Normal,Flying,352,52,65,55,58,62,60,1,FALSE,0,1,Brave Bird,1,Poison Jab,1,Peck,1,Sand Attack,1,Leer,1,Fury Cutter,7,Fury Attack,9,Aerial Ace,13,Knock Off,19,Slash,21,Air Cutter,25,Swords Dance,31,Agility,33,Night Slash,37,Acrobatics,43,Feint,45,False Swipe,49,Air Slash,55,Brave Bird,,,,,,,,,,
84,Doduo,Normal,Flying,310,35,85,45,35,35,75,1,FALSE,31,1,Peck,1,Growl,5,Quick Attack,8,Rage,12,Fury Attack,15,Pursuit,19,Pluck,22,Double Hit,26,Agility,29,Uproar,33,Acupressure,36,Swords Dance,40,Jump Kick,43,Drill Peck,47,Endeavor,50,Thrash,,,,,,,,,,,,,,,,
85,Dodrio,Normal,Flying,460,60,110,70,60,60,100,1,FALSE,0,1,Tri Attack,1,Peck,1,Growl,1,Quick Attack,1,Rage,0,Tri Attack,5,Quick Attack,8,Rage,12,Fury Attack,15,Pursuit,19,Pluck,22,Double Hit,26,Agility,29,Uproar,34,Acupressure,38,Swords Dance,43,Jump Kick,47,Drill Peck,52,Endeavor,56,Thrash,,,,,,,,
86,Seel,Water,,325,65,45,55,45,70,45,1,FALSE,34,1,Headbutt,3,Growl,7,Water Sport,11,Icy Wind,13,Encore,17,Ice Shard,21,Rest,23,Aqua Ring,27,Aurora Beam,31,Aqua Jet,33,Brine,37,Take Down,41,Dive,43,Aqua Tail,47,Ice Beam,51,Safeguard,53,Hail,,,,,,,,,,,,,,
87,Dewgong,Water,Ice,475,90,70,80,70,95,70,1,FALSE,0,1,Sheer Cold,1,Headbutt,1,Growl,1,Signal Beam,1,Icy Wind,0,Sheer Cold,3,Growl,7,Signal Beam,11,Icy Wind,13,Encore,17,Ice Shard,21,Rest,23,Aqua Ring,27,Aurora Beam,31,Aqua Jet,33,Brine,39,Take Down,45,Dive,49,Aqua Tail,55,Ice Beam,61,Safeguard,65,Hail,,,,
88,Grimer,Poison,,325,80,80,50,40,50,25,1,FALSE,37,1,Pound,1,Poison Gas,4,Harden,7,Mud-Slap,12,Disable,15,Sludge,18,Mud Bomb,21,Minimize,26,Fling,29,Sludge Bomb,32,Sludge Wave,37,Screech,40,Gunk Shot,43,Acid Armor,46,Belch,48,Memento,,,,,,,,,,,,,,,,
89,Muk,Poison,,500,105,105,75,65,100,50,1,FALSE,0,1,Venom Drench,1,Pound,1,Poison Gas,1,Harden,1,Mud-Slap,0,Venom Drench,4,Harden,7,Mud-Slap,12,Disable,15,Sludge,18,Mud Bomb,21,Minimize,26,Fling,29,Sludge Bomb,32,Sludge Wave,37,Screech,40,Gunk Shot,46,Acid Armor,52,Belch,57,Memento,,,,,,,,
90,Shellder,Water,,305,30,65,100,45,25,40,1,FALSE,WaterStone,1,Tackle,1,Water Gun,4,Withdraw,8,Supersonic,13,Icicle Spear,16,Protect,20,Leer,25,Clamp,28,Ice Shard,32,Razor Shell,37,Aurora Beam,40,Whirlpool,44,Brine,49,Iron Defense,52,Ice Beam,56,Shell Smash,61,Hydro Pump,,,,,,,,,,,,,,
91,Cloyster,Water,Ice,525,50,95,180,85,45,70,1,FALSE,0,1,Hydro Pump,1,Shell Smash,1,Toxic Spikes,1,Withdraw,1,Supersonic,1,Protect,1,Aurora Beam,13,Spike Cannon,28,Spikes,50,Icicle Crash,,,,,,,,,,,,,,,,,,,,,,,,,,,,
92,Gastly,Ghost,Poison,310,30,35,30,100,35,80,1,FALSE,25,1,Hypnosis,1,Lick,5,Spite,8,Mean Look,12,Curse,15,Night Shade,19,Confuse Ray,22,Sucker Punch,26,Payback,29,Shadow Ball,33,Dream Eater,36,Dark Pulse,40,Destiny Bond,43,Hex,47,Nightmare,,,,,,,,,,,,,,,,,,
93,Haunter,Ghost,Poison,405,45,50,45,115,55,95,1,FALSE,64,1,Shadow Punch,1,Hypnosis,1,Lick,1,Spite,0,Shadow Punch,5,Spite,8,Mean Look,12,Curse,15,Night Shade,19,Confuse Ray,22,Sucker Punch,28,Payback,33,Shadow Ball,39,Dream Eater,44,Dark Pulse,50,Destiny Bond,55,Hex,61,Nightmare,,,,,,,,,,,,
94,Gengar,Ghost,Poison,500,60,65,60,130,75,110,1,FALSE,0,1,Shadow Punch,1,Hypnosis,1,Lick,1,Spite,0,Shadow Punch,5,Spite,8,Mean Look,12,Curse,15,Night Shade,19,Confuse Ray,22,Sucker Punch,28,Payback,33,Shadow Ball,39,Dream Eater,44,Dark Pulse,50,Destiny Bond,55,Hex,61,Nightmare,,,,,,,,,,,,
95,Onix,Rock,Ground,385,35,45,160,30,45,70,1,FALSE,0,1,Mud Sport,1,Tackle,1,Harden,1,Bind,4,Curse,7,Rock Throw,10,Rock Tomb,13,Rage,16,Stealth Rock,19,Rock Polish,20,Gyro Ball,22,Smack Down,25,Dragon Breath,28,Slam,31,Screech,34,Rock Slide,37,Sand Tomb,40,Iron Tail,43,Dig,46,Stone Edge,49,Double-Edge,52,Sandstorm,,,,
96,Drowzee,Psychic,,328,60,48,45,43,90,42,1,FALSE,37,1,Pound,1,Hypnosis,5,Disable,9,Confusion,13,Headbutt,17,Poison Gas,21,Meditate,25,Psybeam,29,Headbutt,33,Psych Up,37,Synchronoise,41,Zen Headbutt,45,Swagger,49,Psychic,53,Nasty Plot,57,Psyshock,61,Future Sight,,,,,,,,,,,,,,
97,Hypno,Psychic,,483,85,73,70,73,115,67,1,FALSE,0,1,Future Sight,1,Nasty Plot,1,Nightmare,1,Switcheroo,1,Pound,1,Hypnosis,1,Disable,1,Confusion,5,Disable,9,Confusion,13,Headbutt,17,Poison Gas,21,Meditate,25,Psybeam,29,Headbutt,33,Psych Up,37,Synchronoise,41,Zen Headbutt,45,Swagger,49,Psychic,53,Nasty Plot,57,Psyshock,61,Future Sight,,
98,Krabby,Water,,325,30,105,90,25,25,50,1,FALSE,28,,,,,,,,,,,,,,,,,,,,,,,,,,,,,,,,,,,,,,,,,,,,,,,,
99,Kingler,Water,,475,55,130,115,50,50,75,1,FALSE,0,,,,,,,,,,,,,,,,,,,,,,,,,,,,,,,,,,,,,,,,,,,,,,,,
100,Voltorb,Electric,,330,40,30,50,55,55,100,1,FALSE,,,,,,,,,,,,,,,,,,,,,,,,,,,,,,,,,,,,,,,,,,,,,,,,,
101,Electrode,Electric,,480,60,50,70,80,80,140,1,FALSE,,,1,Mud Sport,,,,,,,,,,,,,,,,,,,,,,,,,,,,,,,,,,,,,,,,,,,,,
102,Exeggcute,Grass,Psychic,325,60,40,80,60,45,40,1,FALSE,,,1,Bubble,,,,,,,,,,,,,,,,,,,,,,,,,,,,,,,,,,,,,,,,,,,,,
103,Exeggutor,Grass,Psychic,520,95,95,85,125,65,55,1,FALSE,,,5,Vice Grip,,,,,,,,,,,,,,,,,,,,,,,,,,,,,,,,,,,,,,,,,,,,,
104,Cubone,Ground,,320,50,50,95,40,50,35,1,FALSE,,,9,Leer,,,,,,,,,,,,,,,,,,,,,,,,,,,,,,,,,,,,,,,,,,,,,
105,Marowak,Ground,,425,60,80,110,50,80,45,1,FALSE,,,11,Harden,,,,,,,,,,,,,,,,,,,,,,,,,,,,,,,,,,,,,,,,,,,,,
106,Hitmonlee,Fighting,,455,50,120,53,35,110,87,1,FALSE,,,15,Bubble Beam,,,,,,,,,,,,,,,,,,,,,,,,,,,,,,,,,,,,,,,,,,,,,
107,Hitmonchan,Fighting,,455,50,105,79,35,110,76,1,FALSE,,,19,Mud Shot,,,,,,,,,,,,,,,,,,,,,,,,,,,,,,,,,,,,,,,,,,,,,
108,Lickitung,Normal,,385,90,55,75,60,75,30,1,FALSE,,,21,Metal Claw,,,,,,,,,,,,,,,,,,,,,,,,,,,,,,,,,,,,,,,,,,,,,
109,Koffing,Poison,,340,40,65,95,60,45,35,1,FALSE,,,25,Stomp,,,,,,,,,,,,,,,,,,,,,,,,,,,,,,,,,,,,,,,,,,,,,
110,Weezing,Poison,,490,65,90,120,85,70,60,1,FALSE,,,29,Protect,,,,,,,,,,,,,,,,,,,,,,,,,,,,,,,,,,,,,,,,,,,,,
111,Rhyhorn,Ground,Rock,345,80,85,95,30,30,25,1,FALSE,,,31,Guillotine,,,,,,,,,,,,,,,,,,,,,,,,,,,,,,,,,,,,,,,,,,,,,
112,Rhydon,Ground,Rock,485,105,130,120,45,45,40,1,FALSE,,,35,Slam,,,,,,,,,,,,,,,,,,,,,,,,,,,,,,,,,,,,,,,,,,,,,
113,Chansey,Normal,,450,250,5,5,35,105,50,1,FALSE,,,39,Brine,,,,,,,,,,,,,,,,,,,,,,,,,,,,,,,,,,,,,,,,,,,,,
114,Tangela,Grass,,435,65,55,115,100,40,60,1,FALSE,,,41,Crabhammer,,,,,,,,,,,,,,,,,,,,,,,,,,,,,,,,,,,,,,,,,,,,,
115,Kangaskhan,Normal,,490,105,95,80,40,80,90,1,FALSE,,,45,Flail,,,,,,,,,,,,,,,,,,,,,,,,,,,,,,,,,,,,,,,,,,,,,
116,Horsea,Water,,295,30,40,70,70,25,60,1,FALSE,,,,,,,,,,,,,,,,,,,,,,,,,,,,,,,,,,,,,,,,,,,,,,,,,
117,Seadra,Water,,440,55,65,95,95,45,85,1,FALSE,,,,,,,,,,,,,,,,,,,,,,,,,,,,,,,,,,,,,,,,,,,,,,,,,
118,Goldeen,Water,,320,45,67,60,35,50,63,1,FALSE,,,,,,,,,,,,,,,,,,,,,,,,,,,,,,,,,,,,,,,,,,,,,,,,,
119,Seaking,Water,,450,80,92,65,65,80,68,1,FALSE,,,,,,,,,,,,,,,,,,,,,,,,,,,,,,,,,,,,,,,,,,,,,,,,,
120,Staryu,Water,,340,30,45,55,70,55,85,1,FALSE,,,,,,,,,,,,,,,,,,,,,,,,,,,,,,,,,,,,,,,,,,,,,,,,,
121,Starmie,Water,Psychic,520,60,75,85,100,85,115,1,FALSE,,,,,,,,,,,,,,,,,,,,,,,,,,,,,,,,,,,,,,,,,,,,,,,,,
122,Mr. Mime,Psychic,Fairy,460,40,45,65,100,120,90,1,FALSE,,,,,,,,,,,,,,,,,,,,,,,,,,,,,,,,,,,,,,,,,,,,,,,,,
123,Scyther,Bug,Flying,500,70,110,80,55,80,105,1,FALSE,,,,,,,,,,,,,,,,,,,,,,,,,,,,,,,,,,,,,,,,,,,,,,,,,
124,Jynx,Ice,Psychic,455,65,50,35,115,95,95,1,FALSE,,,,,,,,,,,,,,,,,,,,,,,,,,,,,,,,,,,,,,,,,,,,,,,,,
125,Electabuzz,Electric,,490,65,83,57,95,85,105,1,FALSE,,,,,,,,,,,,,,,,,,,,,,,,,,,,,,,,,,,,,,,,,,,,,,,,,
126,Magmar,Fire,,495,65,95,57,100,85,93,1,FALSE,,,,,,,,,,,,,,,,,,,,,,,,,,,,,,,,,,,,,,,,,,,,,,,,,
127,Pinsir,Bug,,500,65,125,100,55,70,85,1,FALSE,,,,,,,,,,,,,,,,,,,,,,,,,,,,,,,,,,,,,,,,,,,,,,,,,
128,Tauros,Normal,,490,75,100,95,40,70,110,1,FALSE,,,,,,,,,,,,,,,,,,,,,,,,,,,,,,,,,,,,,,,,,,,,,,,,,
129,Magikarp,Water,,200,20,10,55,15,20,80,1,FALSE,,,,,,,,,,,,,,,,,,,,,,,,,,,,,,,,,,,,,,,,,,,,,,,,,
130,Gyarados,Water,Flying,540,95,125,79,60,100,81,1,FALSE,,,,,,,,,,,,,,,,,,,,,,,,,,,,,,,,,,,,,,,,,,,,,,,,,
131,Lapras,Water,Ice,535,130,85,80,85,95,60,1,FALSE,,,,,,,,,,,,,,,,,,,,,,,,,,,,,,,,,,,,,,,,,,,,,,,,,
132,Ditto,Normal,,288,48,48,48,48,48,48,1,FALSE,,,,,,,,,,,,,,,,,,,,,,,,,,,,,,,,,,,,,,,,,,,,,,,,,
133,Eevee,Normal,,325,55,55,50,45,65,55,1,FALSE,,,,,,,,,,,,,,,,,,,,,,,,,,,,,,,,,,,,,,,,,,,,,,,,,
134,Vaporeon,Water,,525,130,65,60,110,95,65,1,FALSE,,,,,,,,,,,,,,,,,,,,,,,,,,,,,,,,,,,,,,,,,,,,,,,,,
135,Jolteon,Electric,,525,65,65,60,110,95,130,1,FALSE,,,,,,,,,,,,,,,,,,,,,,,,,,,,,,,,,,,,,,,,,,,,,,,,,
136,Flareon,Fire,,525,65,130,60,95,110,65,1,FALSE,,,,,,,,,,,,,,,,,,,,,,,,,,,,,,,,,,,,,,,,,,,,,,,,,
137,Porygon,Normal,,395,65,60,70,85,75,40,1,FALSE,,,,,,,,,,,,,,,,,,,,,,,,,,,,,,,,,,,,,,,,,,,,,,,,,
138,Omanyte,Rock,Water,355,35,40,100,90,55,35,1,FALSE,,,,,,,,,,,,,,,,,,,,,,,,,,,,,,,,,,,,,,,,,,,,,,,,,
139,Omastar,Rock,Water,495,70,60,125,115,70,55,1,FALSE,,,,,,,,,,,,,,,,,,,,,,,,,,,,,,,,,,,,,,,,,,,,,,,,,
140,Kabuto,Rock,Water,355,30,80,90,55,45,55,1,FALSE,,,,,,,,,,,,,,,,,,,,,,,,,,,,,,,,,,,,,,,,,,,,,,,,,
141,Kabutops,Rock,Water,495,60,115,105,65,70,80,1,FALSE,,,,,,,,,,,,,,,,,,,,,,,,,,,,,,,,,,,,,,,,,,,,,,,,,
142,Aerodactyl,Rock,Flying,515,80,105,65,60,75,130,1,FALSE,,,,,,,,,,,,,,,,,,,,,,,,,,,,,,,,,,,,,,,,,,,,,,,,,
143,Snorlax,Normal,,540,160,110,65,65,110,30,1,FALSE,,,,,,,,,,,,,,,,,,,,,,,,,,,,,,,,,,,,,,,,,,,,,,,,,
144,Articuno,Ice,Flying,580,90,85,100,95,125,85,1,TRUE,,,,,,,,,,,,,,,,,,,,,,,,,,,,,,,,,,,,,,,,,,,,,,,,,
145,Zapdos,Electric,Flying,580,90,90,85,125,90,100,1,TRUE,,,,,,,,,,,,,,,,,,,,,,,,,,,,,,,,,,,,,,,,,,,,,,,,,
146,Moltres,Fire,Flying,580,90,100,90,125,85,90,1,TRUE,,,,,,,,,,,,,,,,,,,,,,,,,,,,,,,,,,,,,,,,,,,,,,,,,
147,Dratini,Dragon,,300,41,64,45,50,50,50,1,FALSE,,,,,,,,,,,,,,,,,,,,,,,,,,,,,,,,,,,,,,,,,,,,,,,,,
148,Dragonair,Dragon,,420,61,84,65,70,70,70,1,FALSE,,,,,,,,,,,,,,,,,,,,,,,,,,,,,,,,,,,,,,,,,,,,,,,,,
149,Dragonite,Dragon,Flying,600,91,134,95,100,100,80,1,FALSE,,,,,,,,,,,,,,,,,,,,,,,,,,,,,,,,,,,,,,,,,,,,,,,,,
150,Mewtwo,Psychic,,680,106,110,90,154,90,130,1,TRUE,,,,,,,,,,,,,,,,,,,,,,,,,,,,,,,,,,,,,,,,,,,,,,,,,
151,Mew,Psychic,,600,100,100,100,100,100,100,1,TRUE,,,,,,,,,,,,,,,,,,,,,,,,,,,,,,,,,,,,,,,,,,,,,,,,,
152,Chikorita,Grass,,318,45,49,65,49,65,45,2,FALSE,,,,,,,,,,,,,,,,,,,,,,,,,,,,,,,,,,,,,,,,,,,,,,,,,
153,Bayleef,Grass,,405,60,62,80,63,80,60,2,FALSE,,,,,,,,,,,,,,,,,,,,,,,,,,,,,,,,,,,,,,,,,,,,,,,,,
154,Meganium,Grass,,525,80,82,100,83,100,80,2,FALSE,,,,,,,,,,,,,,,,,,,,,,,,,,,,,,,,,,,,,,,,,,,,,,,,,
155,Cyndaquil,Fire,,309,39,52,43,60,50,65,2,FALSE,,,,,,,,,,,,,,,,,,,,,,,,,,,,,,,,,,,,,,,,,,,,,,,,,
156,Quilava,Fire,,405,58,64,58,80,65,80,2,FALSE,,,,,,,,,,,,,,,,,,,,,,,,,,,,,,,,,,,,,,,,,,,,,,,,,
157,Typhlosion,Fire,,534,78,84,78,109,85,100,2,FALSE,,,,,,,,,,,,,,,,,,,,,,,,,,,,,,,,,,,,,,,,,,,,,,,,,
158,Totodile,Water,,314,50,65,64,44,48,43,2,FALSE,,,,,,,,,,,,,,,,,,,,,,,,,,,,,,,,,,,,,,,,,,,,,,,,,
159,Croconaw,Water,,405,65,80,80,59,63,58,2,FALSE,,,,,,,,,,,,,,,,,,,,,,,,,,,,,,,,,,,,,,,,,,,,,,,,,
160,Feraligatr,Water,,530,85,105,100,79,83,78,2,FALSE,,,,,,,,,,,,,,,,,,,,,,,,,,,,,,,,,,,,,,,,,,,,,,,,,
161,Sentret,Normal,,215,35,46,34,35,45,20,2,FALSE,,,,,,,,,,,,,,,,,,,,,,,,,,,,,,,,,,,,,,,,,,,,,,,,,
162,Furret,Normal,,415,85,76,64,45,55,90,2,FALSE,,,,,,,,,,,,,,,,,,,,,,,,,,,,,,,,,,,,,,,,,,,,,,,,,
163,Hoothoot,Normal,Flying,262,60,30,30,36,56,50,2,FALSE,,,,,,,,,,,,,,,,,,,,,,,,,,,,,,,,,,,,,,,,,,,,,,,,,
164,Noctowl,Normal,Flying,442,100,50,50,76,96,70,2,FALSE,,,,,,,,,,,,,,,,,,,,,,,,,,,,,,,,,,,,,,,,,,,,,,,,,
165,Ledyba,Bug,Flying,265,40,20,30,40,80,55,2,FALSE,,,,,,,,,,,,,,,,,,,,,,,,,,,,,,,,,,,,,,,,,,,,,,,,,
166,Ledian,Bug,Flying,390,55,35,50,55,110,85,2,FALSE,,,,,,,,,,,,,,,,,,,,,,,,,,,,,,,,,,,,,,,,,,,,,,,,,
167,Spinarak,Bug,Poison,250,40,60,40,40,40,30,2,FALSE,,,,,,,,,,,,,,,,,,,,,,,,,,,,,,,,,,,,,,,,,,,,,,,,,
168,Ariados,Bug,Poison,390,70,90,70,60,60,40,2,FALSE,,,,,,,,,,,,,,,,,,,,,,,,,,,,,,,,,,,,,,,,,,,,,,,,,
169,Crobat,Poison,Flying,535,85,90,80,70,80,130,2,FALSE,,,,,,,,,,,,,,,,,,,,,,,,,,,,,,,,,,,,,,,,,,,,,,,,,
170,Chinchou,Water,Electric,330,75,38,38,56,56,67,2,FALSE,,,,,,,,,,,,,,,,,,,,,,,,,,,,,,,,,,,,,,,,,,,,,,,,,
171,Lanturn,Water,Electric,460,125,58,58,76,76,67,2,FALSE,,,,,,,,,,,,,,,,,,,,,,,,,,,,,,,,,,,,,,,,,,,,,,,,,
172,Pichu,Electric,,205,20,40,15,35,35,60,2,FALSE,,,,,,,,,,,,,,,,,,,,,,,,,,,,,,,,,,,,,,,,,,,,,,,,,
173,Cleffa,Fairy,,218,50,25,28,45,55,15,2,FALSE,,,,,,,,,,,,,,,,,,,,,,,,,,,,,,,,,,,,,,,,,,,,,,,,,
174,Igglybuff,Normal,Fairy,210,90,30,15,40,20,15,2,FALSE,,,,,,,,,,,,,,,,,,,,,,,,,,,,,,,,,,,,,,,,,,,,,,,,,
175,Togepi,Fairy,,245,35,20,65,40,65,20,2,FALSE,,,,,,,,,,,,,,,,,,,,,,,,,,,,,,,,,,,,,,,,,,,,,,,,,
176,Togetic,Fairy,Flying,405,55,40,85,80,105,40,2,FALSE,,,,,,,,,,,,,,,,,,,,,,,,,,,,,,,,,,,,,,,,,,,,,,,,,
177,Natu,Psychic,Flying,320,40,50,45,70,45,70,2,FALSE,,,,,,,,,,,,,,,,,,,,,,,,,,,,,,,,,,,,,,,,,,,,,,,,,
178,Xatu,Psychic,Flying,470,65,75,70,95,70,95,2,FALSE,,,,,,,,,,,,,,,,,,,,,,,,,,,,,,,,,,,,,,,,,,,,,,,,,
179,Mareep,Electric,,280,55,40,40,65,45,35,2,FALSE,,,,,,,,,,,,,,,,,,,,,,,,,,,,,,,,,,,,,,,,,,,,,,,,,
180,Flaaffy,Electric,,365,70,55,55,80,60,45,2,FALSE,,,,,,,,,,,,,,,,,,,,,,,,,,,,,,,,,,,,,,,,,,,,,,,,,
181,Ampharos,Electric,,510,90,75,85,115,90,55,2,FALSE,,,,,,,,,,,,,,,,,,,,,,,,,,,,,,,,,,,,,,,,,,,,,,,,,
182,Bellossom,Grass,,490,75,80,95,90,100,50,2,FALSE,,,,,,,,,,,,,,,,,,,,,,,,,,,,,,,,,,,,,,,,,,,,,,,,,
183,Marill,Water,Fairy,250,70,20,50,20,50,40,2,FALSE,,,,,,,,,,,,,,,,,,,,,,,,,,,,,,,,,,,,,,,,,,,,,,,,,
184,Azumarill,Water,Fairy,420,100,50,80,60,80,50,2,FALSE,,,,,,,,,,,,,,,,,,,,,,,,,,,,,,,,,,,,,,,,,,,,,,,,,
185,Sudowoodo,Rock,,410,70,100,115,30,65,30,2,FALSE,,,,,,,,,,,,,,,,,,,,,,,,,,,,,,,,,,,,,,,,,,,,,,,,,
186,Politoed,Water,,500,90,75,75,90,100,70,2,FALSE,,,,,,,,,,,,,,,,,,,,,,,,,,,,,,,,,,,,,,,,,,,,,,,,,
187,Hoppip,Grass,Flying,250,35,35,40,35,55,50,2,FALSE,,,,,,,,,,,,,,,,,,,,,,,,,,,,,,,,,,,,,,,,,,,,,,,,,
188,Skiploom,Grass,Flying,340,55,45,50,45,65,80,2,FALSE,,,,,,,,,,,,,,,,,,,,,,,,,,,,,,,,,,,,,,,,,,,,,,,,,
189,Jumpluff,Grass,Flying,460,75,55,70,55,95,110,2,FALSE,,,,,,,,,,,,,,,,,,,,,,,,,,,,,,,,,,,,,,,,,,,,,,,,,
190,Aipom,Normal,,360,55,70,55,40,55,85,2,FALSE,,,,,,,,,,,,,,,,,,,,,,,,,,,,,,,,,,,,,,,,,,,,,,,,,
191,Sunkern,Grass,,180,30,30,30,30,30,30,2,FALSE,,,,,,,,,,,,,,,,,,,,,,,,,,,,,,,,,,,,,,,,,,,,,,,,,
192,Sunflora,Grass,,425,75,75,55,105,85,30,2,FALSE,,,,,,,,,,,,,,,,,,,,,,,,,,,,,,,,,,,,,,,,,,,,,,,,,
193,Yanma,Bug,Flying,390,65,65,45,75,45,95,2,FALSE,,,,,,,,,,,,,,,,,,,,,,,,,,,,,,,,,,,,,,,,,,,,,,,,,
194,Wooper,Water,Ground,210,55,45,45,25,25,15,2,FALSE,,,,,,,,,,,,,,,,,,,,,,,,,,,,,,,,,,,,,,,,,,,,,,,,,
195,Quagsire,Water,Ground,430,95,85,85,65,65,35,2,FALSE,,,,,,,,,,,,,,,,,,,,,,,,,,,,,,,,,,,,,,,,,,,,,,,,,
196,Espeon,Psychic,,525,65,65,60,130,95,110,2,FALSE,,,,,,,,,,,,,,,,,,,,,,,,,,,,,,,,,,,,,,,,,,,,,,,,,
197,Umbreon,Dark,,525,95,65,110,60,130,65,2,FALSE,,,,,,,,,,,,,,,,,,,,,,,,,,,,,,,,,,,,,,,,,,,,,,,,,
198,Murkrow,Dark,Flying,405,60,85,42,85,42,91,2,FALSE,,,,,,,,,,,,,,,,,,,,,,,,,,,,,,,,,,,,,,,,,,,,,,,,,
199,Slowking,Water,Psychic,490,95,75,80,100,110,30,2,FALSE,,,,,,,,,,,,,,,,,,,,,,,,,,,,,,,,,,,,,,,,,,,,,,,,,
200,Misdreavus,Ghost,,435,60,60,60,85,85,85,2,FALSE,,,,,,,,,,,,,,,,,,,,,,,,,,,,,,,,,,,,,,,,,,,,,,,,,
201,Unown,Psychic,,336,48,72,48,72,48,48,2,FALSE,,,,,,,,,,,,,,,,,,,,,,,,,,,,,,,,,,,,,,,,,,,,,,,,,
202,Wobbuffet,Psychic,,405,190,33,58,33,58,33,2,FALSE,,,,,,,,,,,,,,,,,,,,,,,,,,,,,,,,,,,,,,,,,,,,,,,,,
203,Girafarig,Normal,Psychic,455,70,80,65,90,65,85,2,FALSE,,,,,,,,,,,,,,,,,,,,,,,,,,,,,,,,,,,,,,,,,,,,,,,,,
204,Pineco,Bug,,290,50,65,90,35,35,15,2,FALSE,,,,,,,,,,,,,,,,,,,,,,,,,,,,,,,,,,,,,,,,,,,,,,,,,
205,Forretress,Bug,Steel,465,75,90,140,60,60,40,2,FALSE,,,,,,,,,,,,,,,,,,,,,,,,,,,,,,,,,,,,,,,,,,,,,,,,,
206,Dunsparce,Normal,,415,100,70,70,65,65,45,2,FALSE,,,,,,,,,,,,,,,,,,,,,,,,,,,,,,,,,,,,,,,,,,,,,,,,,
207,Gligar,Ground,Flying,430,65,75,105,35,65,85,2,FALSE,,,,,,,,,,,,,,,,,,,,,,,,,,,,,,,,,,,,,,,,,,,,,,,,,
208,Steelix,Steel,Ground,510,75,85,200,55,65,30,2,FALSE,,,,,,,,,,,,,,,,,,,,,,,,,,,,,,,,,,,,,,,,,,,,,,,,,
209,Snubbull,Fairy,,300,60,80,50,40,40,30,2,FALSE,,,,,,,,,,,,,,,,,,,,,,,,,,,,,,,,,,,,,,,,,,,,,,,,,
210,Granbull,Fairy,,450,90,120,75,60,60,45,2,FALSE,,,,,,,,,,,,,,,,,,,,,,,,,,,,,,,,,,,,,,,,,,,,,,,,,
211,Qwilfish,Water,Poison,430,65,95,75,55,55,85,2,FALSE,,,,,,,,,,,,,,,,,,,,,,,,,,,,,,,,,,,,,,,,,,,,,,,,,
212,Scizor,Bug,Steel,500,70,130,100,55,80,65,2,FALSE,,,,,,,,,,,,,,,,,,,,,,,,,,,,,,,,,,,,,,,,,,,,,,,,,
213,Shuckle,Bug,Rock,505,20,10,230,10,230,5,2,FALSE,,,,,,,,,,,,,,,,,,,,,,,,,,,,,,,,,,,,,,,,,,,,,,,,,
214,Heracross,Bug,Fighting,500,80,125,75,40,95,85,2,FALSE,,,,,,,,,,,,,,,,,,,,,,,,,,,,,,,,,,,,,,,,,,,,,,,,,
215,Sneasel,Dark,Ice,430,55,95,55,35,75,115,2,FALSE,,,,,,,,,,,,,,,,,,,,,,,,,,,,,,,,,,,,,,,,,,,,,,,,,
216,Teddiursa,Normal,,330,60,80,50,50,50,40,2,FALSE,,,,,,,,,,,,,,,,,,,,,,,,,,,,,,,,,,,,,,,,,,,,,,,,,
217,Ursaring,Normal,,500,90,130,75,75,75,55,2,FALSE,,,,,,,,,,,,,,,,,,,,,,,,,,,,,,,,,,,,,,,,,,,,,,,,,
218,Slugma,Fire,,250,40,40,40,70,40,20,2,FALSE,,,,,,,,,,,,,,,,,,,,,,,,,,,,,,,,,,,,,,,,,,,,,,,,,
219,Magcargo,Fire,Rock,410,50,50,120,80,80,30,2,FALSE,,,,,,,,,,,,,,,,,,,,,,,,,,,,,,,,,,,,,,,,,,,,,,,,,
220,Swinub,Ice,Ground,250,50,50,40,30,30,50,2,FALSE,,,,,,,,,,,,,,,,,,,,,,,,,,,,,,,,,,,,,,,,,,,,,,,,,
221,Piloswine,Ice,Ground,450,100,100,80,60,60,50,2,FALSE,,,,,,,,,,,,,,,,,,,,,,,,,,,,,,,,,,,,,,,,,,,,,,,,,
222,Corsola,Water,Rock,380,55,55,85,65,85,35,2,FALSE,,,,,,,,,,,,,,,,,,,,,,,,,,,,,,,,,,,,,,,,,,,,,,,,,
223,Remoraid,Water,,300,35,65,35,65,35,65,2,FALSE,,,,,,,,,,,,,,,,,,,,,,,,,,,,,,,,,,,,,,,,,,,,,,,,,
224,Octillery,Water,,480,75,105,75,105,75,45,2,FALSE,,,,,,,,,,,,,,,,,,,,,,,,,,,,,,,,,,,,,,,,,,,,,,,,,
225,Delibird,Ice,Flying,330,45,55,45,65,45,75,2,FALSE,,,,,,,,,,,,,,,,,,,,,,,,,,,,,,,,,,,,,,,,,,,,,,,,,
226,Mantine,Water,Flying,465,65,40,70,80,140,70,2,FALSE,,,,,,,,,,,,,,,,,,,,,,,,,,,,,,,,,,,,,,,,,,,,,,,,,
227,Skarmory,Steel,Flying,465,65,80,140,40,70,70,2,FALSE,,,,,,,,,,,,,,,,,,,,,,,,,,,,,,,,,,,,,,,,,,,,,,,,,
228,Houndour,Dark,Fire,330,45,60,30,80,50,65,2,FALSE,,,,,,,,,,,,,,,,,,,,,,,,,,,,,,,,,,,,,,,,,,,,,,,,,
229,Houndoom,Dark,Fire,500,75,90,50,110,80,95,2,FALSE,,,,,,,,,,,,,,,,,,,,,,,,,,,,,,,,,,,,,,,,,,,,,,,,,
230,Kingdra,Water,Dragon,540,75,95,95,95,95,85,2,FALSE,,,,,,,,,,,,,,,,,,,,,,,,,,,,,,,,,,,,,,,,,,,,,,,,,
231,Phanpy,Ground,,330,90,60,60,40,40,40,2,FALSE,,,,,,,,,,,,,,,,,,,,,,,,,,,,,,,,,,,,,,,,,,,,,,,,,
232,Donphan,Ground,,500,90,120,120,60,60,50,2,FALSE,,,,,,,,,,,,,,,,,,,,,,,,,,,,,,,,,,,,,,,,,,,,,,,,,
233,Porygon2,Normal,,515,85,80,90,105,95,60,2,FALSE,,,,,,,,,,,,,,,,,,,,,,,,,,,,,,,,,,,,,,,,,,,,,,,,,
234,Stantler,Normal,,465,73,95,62,85,65,85,2,FALSE,,,,,,,,,,,,,,,,,,,,,,,,,,,,,,,,,,,,,,,,,,,,,,,,,
235,Smeargle,Normal,,250,55,20,35,20,45,75,2,FALSE,,,,,,,,,,,,,,,,,,,,,,,,,,,,,,,,,,,,,,,,,,,,,,,,,
236,Tyrogue,Fighting,,210,35,35,35,35,35,35,2,FALSE,,,,,,,,,,,,,,,,,,,,,,,,,,,,,,,,,,,,,,,,,,,,,,,,,
237,Hitmontop,Fighting,,455,50,95,95,35,110,70,2,FALSE,,,,,,,,,,,,,,,,,,,,,,,,,,,,,,,,,,,,,,,,,,,,,,,,,
238,Smoochum,Ice,Psychic,305,45,30,15,85,65,65,2,FALSE,,,,,,,,,,,,,,,,,,,,,,,,,,,,,,,,,,,,,,,,,,,,,,,,,
239,Elekid,Electric,,360,45,63,37,65,55,95,2,FALSE,,,,,,,,,,,,,,,,,,,,,,,,,,,,,,,,,,,,,,,,,,,,,,,,,
240,Magby,Fire,,365,45,75,37,70,55,83,2,FALSE,,,,,,,,,,,,,,,,,,,,,,,,,,,,,,,,,,,,,,,,,,,,,,,,,
241,Miltank,Normal,,490,95,80,105,40,70,100,2,FALSE,,,,,,,,,,,,,,,,,,,,,,,,,,,,,,,,,,,,,,,,,,,,,,,,,
242,Blissey,Normal,,540,255,10,10,75,135,55,2,FALSE,,,,,,,,,,,,,,,,,,,,,,,,,,,,,,,,,,,,,,,,,,,,,,,,,
243,Raikou,Electric,,580,90,85,75,115,100,115,2,TRUE,,,,,,,,,,,,,,,,,,,,,,,,,,,,,,,,,,,,,,,,,,,,,,,,,
244,Entei,Fire,,580,115,115,85,90,75,100,2,TRUE,,,,,,,,,,,,,,,,,,,,,,,,,,,,,,,,,,,,,,,,,,,,,,,,,
245,Suicune,Water,,580,100,75,115,90,115,85,2,TRUE,,,,,,,,,,,,,,,,,,,,,,,,,,,,,,,,,,,,,,,,,,,,,,,,,
246,Larvitar,Rock,Ground,300,50,64,50,45,50,41,2,FALSE,,,,,,,,,,,,,,,,,,,,,,,,,,,,,,,,,,,,,,,,,,,,,,,,,
247,Pupitar,Rock,Ground,410,70,84,70,65,70,51,2,FALSE,,,,,,,,,,,,,,,,,,,,,,,,,,,,,,,,,,,,,,,,,,,,,,,,,
248,Tyranitar,Rock,Dark,600,100,134,110,95,100,61,2,FALSE,,,,,,,,,,,,,,,,,,,,,,,,,,,,,,,,,,,,,,,,,,,,,,,,,
249,Lugia,Psychic,Flying,680,106,90,130,90,154,110,2,TRUE,,,,,,,,,,,,,,,,,,,,,,,,,,,,,,,,,,,,,,,,,,,,,,,,,
250,Ho-oh,Fire,Flying,680,106,130,90,110,154,90,2,TRUE,,,,,,,,,,,,,,,,,,,,,,,,,,,,,,,,,,,,,,,,,,,,,,,,,
251,Celebi,Psychic,Grass,600,100,100,100,100,100,100,2,TRUE,,,,,,,,,,,,,,,,,,,,,,,,,,,,,,,,,,,,,,,,,,,,,,,,,
252,Treecko,Grass,,310,40,45,35,65,55,70,3,FALSE,,,,,,,,,,,,,,,,,,,,,,,,,,,,,,,,,,,,,,,,,,,,,,,,,
253,Grovyle,Grass,,405,50,65,45,85,65,95,3,FALSE,,,,,,,,,,,,,,,,,,,,,,,,,,,,,,,,,,,,,,,,,,,,,,,,,
254,Sceptile,Grass,,530,70,85,65,105,85,120,3,FALSE,,,,,,,,,,,,,,,,,,,,,,,,,,,,,,,,,,,,,,,,,,,,,,,,,
255,Torchic,Fire,,310,45,60,40,70,50,45,3,FALSE,,,,,,,,,,,,,,,,,,,,,,,,,,,,,,,,,,,,,,,,,,,,,,,,,
256,Combusken,Fire,Fighting,405,60,85,60,85,60,55,3,FALSE,,,,,,,,,,,,,,,,,,,,,,,,,,,,,,,,,,,,,,,,,,,,,,,,,
257,Blaziken,Fire,Fighting,530,80,120,70,110,70,80,3,FALSE,,,,,,,,,,,,,,,,,,,,,,,,,,,,,,,,,,,,,,,,,,,,,,,,,
258,Mudkip,Water,,310,50,70,50,50,50,40,3,FALSE,,,,,,,,,,,,,,,,,,,,,,,,,,,,,,,,,,,,,,,,,,,,,,,,,
259,Marshtomp,Water,Ground,405,70,85,70,60,70,50,3,FALSE,,,,,,,,,,,,,,,,,,,,,,,,,,,,,,,,,,,,,,,,,,,,,,,,,
260,Swampert,Water,Ground,535,100,110,90,85,90,60,3,FALSE,,,,,,,,,,,,,,,,,,,,,,,,,,,,,,,,,,,,,,,,,,,,,,,,,
261,Poochyena,Dark,,220,35,55,35,30,30,35,3,FALSE,,,,,,,,,,,,,,,,,,,,,,,,,,,,,,,,,,,,,,,,,,,,,,,,,
262,Mightyena,Dark,,420,70,90,70,60,60,70,3,FALSE,,,,,,,,,,,,,,,,,,,,,,,,,,,,,,,,,,,,,,,,,,,,,,,,,
263,Zigzagoon,Normal,,240,38,30,41,30,41,60,3,FALSE,,,,,,,,,,,,,,,,,,,,,,,,,,,,,,,,,,,,,,,,,,,,,,,,,
264,Linoone,Normal,,420,78,70,61,50,61,100,3,FALSE,,,,,,,,,,,,,,,,,,,,,,,,,,,,,,,,,,,,,,,,,,,,,,,,,
265,Wurmple,Bug,,195,45,45,35,20,30,20,3,FALSE,,,,,,,,,,,,,,,,,,,,,,,,,,,,,,,,,,,,,,,,,,,,,,,,,
266,Silcoon,Bug,,205,50,35,55,25,25,15,3,FALSE,,,,,,,,,,,,,,,,,,,,,,,,,,,,,,,,,,,,,,,,,,,,,,,,,
267,Beautifly,Bug,Flying,395,60,70,50,100,50,65,3,FALSE,,,,,,,,,,,,,,,,,,,,,,,,,,,,,,,,,,,,,,,,,,,,,,,,,
268,Cascoon,Bug,,205,50,35,55,25,25,15,3,FALSE,,,,,,,,,,,,,,,,,,,,,,,,,,,,,,,,,,,,,,,,,,,,,,,,,
269,Dustox,Bug,Poison,385,60,50,70,50,90,65,3,FALSE,,,,,,,,,,,,,,,,,,,,,,,,,,,,,,,,,,,,,,,,,,,,,,,,,
270,Lotad,Water,Grass,220,40,30,30,40,50,30,3,FALSE,,,,,,,,,,,,,,,,,,,,,,,,,,,,,,,,,,,,,,,,,,,,,,,,,
271,Lombre,Water,Grass,340,60,50,50,60,70,50,3,FALSE,,,,,,,,,,,,,,,,,,,,,,,,,,,,,,,,,,,,,,,,,,,,,,,,,
272,Ludicolo,Water,Grass,480,80,70,70,90,100,70,3,FALSE,,,,,,,,,,,,,,,,,,,,,,,,,,,,,,,,,,,,,,,,,,,,,,,,,
273,Seedot,Grass,,220,40,40,50,30,30,30,3,FALSE,,,,,,,,,,,,,,,,,,,,,,,,,,,,,,,,,,,,,,,,,,,,,,,,,
274,Nuzleaf,Grass,Dark,340,70,70,40,60,40,60,3,FALSE,,,,,,,,,,,,,,,,,,,,,,,,,,,,,,,,,,,,,,,,,,,,,,,,,
275,Shiftry,Grass,Dark,480,90,100,60,90,60,80,3,FALSE,,,,,,,,,,,,,,,,,,,,,,,,,,,,,,,,,,,,,,,,,,,,,,,,,
276,Taillow,Normal,Flying,270,40,55,30,30,30,85,3,FALSE,,,,,,,,,,,,,,,,,,,,,,,,,,,,,,,,,,,,,,,,,,,,,,,,,
277,Swellow,Normal,Flying,430,60,85,60,50,50,125,3,FALSE,,,,,,,,,,,,,,,,,,,,,,,,,,,,,,,,,,,,,,,,,,,,,,,,,
278,Wingull,Water,Flying,270,40,30,30,55,30,85,3,FALSE,,,,,,,,,,,,,,,,,,,,,,,,,,,,,,,,,,,,,,,,,,,,,,,,,
279,Pelipper,Water,Flying,430,60,50,100,85,70,65,3,FALSE,,,,,,,,,,,,,,,,,,,,,,,,,,,,,,,,,,,,,,,,,,,,,,,,,
280,Ralts,Psychic,Fairy,198,28,25,25,45,35,40,3,FALSE,,,,,,,,,,,,,,,,,,,,,,,,,,,,,,,,,,,,,,,,,,,,,,,,,
281,Kirlia,Psychic,Fairy,278,38,35,35,65,55,50,3,FALSE,,,,,,,,,,,,,,,,,,,,,,,,,,,,,,,,,,,,,,,,,,,,,,,,,
282,Gardevoir,Psychic,Fairy,518,68,65,65,125,115,80,3,FALSE,,,,,,,,,,,,,,,,,,,,,,,,,,,,,,,,,,,,,,,,,,,,,,,,,
283,Surskit,Bug,Water,269,40,30,32,50,52,65,3,FALSE,,,,,,,,,,,,,,,,,,,,,,,,,,,,,,,,,,,,,,,,,,,,,,,,,
284,Masquerain,Bug,Flying,414,70,60,62,80,82,60,3,FALSE,,,,,,,,,,,,,,,,,,,,,,,,,,,,,,,,,,,,,,,,,,,,,,,,,
285,Shroomish,Grass,,295,60,40,60,40,60,35,3,FALSE,,,,,,,,,,,,,,,,,,,,,,,,,,,,,,,,,,,,,,,,,,,,,,,,,
286,Breloom,Grass,Fighting,460,60,130,80,60,60,70,3,FALSE,,,,,,,,,,,,,,,,,,,,,,,,,,,,,,,,,,,,,,,,,,,,,,,,,
287,Slakoth,Normal,,280,60,60,60,35,35,30,3,FALSE,,,,,,,,,,,,,,,,,,,,,,,,,,,,,,,,,,,,,,,,,,,,,,,,,
288,Vigoroth,Normal,,440,80,80,80,55,55,90,3,FALSE,,,,,,,,,,,,,,,,,,,,,,,,,,,,,,,,,,,,,,,,,,,,,,,,,
289,Slaking,Normal,,670,150,160,100,95,65,100,3,FALSE,,,,,,,,,,,,,,,,,,,,,,,,,,,,,,,,,,,,,,,,,,,,,,,,,
290,Nincada,Bug,Ground,266,31,45,90,30,30,40,3,FALSE,,,,,,,,,,,,,,,,,,,,,,,,,,,,,,,,,,,,,,,,,,,,,,,,,
291,Ninjask,Bug,Flying,456,61,90,45,50,50,160,3,FALSE,,,,,,,,,,,,,,,,,,,,,,,,,,,,,,,,,,,,,,,,,,,,,,,,,
292,Shedinja,Bug,Ghost,236,1,90,45,30,30,40,3,FALSE,,,,,,,,,,,,,,,,,,,,,,,,,,,,,,,,,,,,,,,,,,,,,,,,,
293,Whismur,Normal,,240,64,51,23,51,23,28,3,FALSE,,,,,,,,,,,,,,,,,,,,,,,,,,,,,,,,,,,,,,,,,,,,,,,,,
294,Loudred,Normal,,360,84,71,43,71,43,48,3,FALSE,,,,,,,,,,,,,,,,,,,,,,,,,,,,,,,,,,,,,,,,,,,,,,,,,
295,Exploud,Normal,,490,104,91,63,91,73,68,3,FALSE,,,,,,,,,,,,,,,,,,,,,,,,,,,,,,,,,,,,,,,,,,,,,,,,,
296,Makuhita,Fighting,,237,72,60,30,20,30,25,3,FALSE,,,,,,,,,,,,,,,,,,,,,,,,,,,,,,,,,,,,,,,,,,,,,,,,,
297,Hariyama,Fighting,,474,144,120,60,40,60,50,3,FALSE,,,,,,,,,,,,,,,,,,,,,,,,,,,,,,,,,,,,,,,,,,,,,,,,,
298,Azurill,Normal,Fairy,190,50,20,40,20,40,20,3,FALSE,,,,,,,,,,,,,,,,,,,,,,,,,,,,,,,,,,,,,,,,,,,,,,,,,
299,Nosepass,Rock,,375,30,45,135,45,90,30,3,FALSE,,,,,,,,,,,,,,,,,,,,,,,,,,,,,,,,,,,,,,,,,,,,,,,,,
300,Skitty,Normal,,260,50,45,45,35,35,50,3,FALSE,,,,,,,,,,,,,,,,,,,,,,,,,,,,,,,,,,,,,,,,,,,,,,,,,
301,Delcatty,Normal,,380,70,65,65,55,55,70,3,FALSE,,,,,,,,,,,,,,,,,,,,,,,,,,,,,,,,,,,,,,,,,,,,,,,,,
302,Sableye,Dark,Ghost,380,50,75,75,65,65,50,3,FALSE,,,,,,,,,,,,,,,,,,,,,,,,,,,,,,,,,,,,,,,,,,,,,,,,,
303,Mawile,Steel,Fairy,380,50,85,85,55,55,50,3,FALSE,,,,,,,,,,,,,,,,,,,,,,,,,,,,,,,,,,,,,,,,,,,,,,,,,
304,Aron,Steel,Rock,330,50,70,100,40,40,30,3,FALSE,,,,,,,,,,,,,,,,,,,,,,,,,,,,,,,,,,,,,,,,,,,,,,,,,
305,Lairon,Steel,Rock,430,60,90,140,50,50,40,3,FALSE,,,,,,,,,,,,,,,,,,,,,,,,,,,,,,,,,,,,,,,,,,,,,,,,,
306,Aggron,Steel,Rock,530,70,110,180,60,60,50,3,FALSE,,,,,,,,,,,,,,,,,,,,,,,,,,,,,,,,,,,,,,,,,,,,,,,,,
307,Meditite,Fighting,Psychic,280,30,40,55,40,55,60,3,FALSE,,,,,,,,,,,,,,,,,,,,,,,,,,,,,,,,,,,,,,,,,,,,,,,,,
308,Medicham,Fighting,Psychic,410,60,60,75,60,75,80,3,FALSE,,,,,,,,,,,,,,,,,,,,,,,,,,,,,,,,,,,,,,,,,,,,,,,,,
309,Electrike,Electric,,295,40,45,40,65,40,65,3,FALSE,,,,,,,,,,,,,,,,,,,,,,,,,,,,,,,,,,,,,,,,,,,,,,,,,
310,Manectric,Electric,,475,70,75,60,105,60,105,3,FALSE,,,,,,,,,,,,,,,,,,,,,,,,,,,,,,,,,,,,,,,,,,,,,,,,,
311,Plusle,Electric,,405,60,50,40,85,75,95,3,FALSE,,,,,,,,,,,,,,,,,,,,,,,,,,,,,,,,,,,,,,,,,,,,,,,,,
312,Minun,Electric,,405,60,40,50,75,85,95,3,FALSE,,,,,,,,,,,,,,,,,,,,,,,,,,,,,,,,,,,,,,,,,,,,,,,,,
313,Volbeat,Bug,,400,65,73,55,47,75,85,3,FALSE,,,,,,,,,,,,,,,,,,,,,,,,,,,,,,,,,,,,,,,,,,,,,,,,,
314,Illumise,Bug,,400,65,47,55,73,75,85,3,FALSE,,,,,,,,,,,,,,,,,,,,,,,,,,,,,,,,,,,,,,,,,,,,,,,,,
315,Roselia,Grass,Poison,400,50,60,45,100,80,65,3,FALSE,,,,,,,,,,,,,,,,,,,,,,,,,,,,,,,,,,,,,,,,,,,,,,,,,
316,Gulpin,Poison,,302,70,43,53,43,53,40,3,FALSE,,,,,,,,,,,,,,,,,,,,,,,,,,,,,,,,,,,,,,,,,,,,,,,,,
317,Swalot,Poison,,467,100,73,83,73,83,55,3,FALSE,,,,,,,,,,,,,,,,,,,,,,,,,,,,,,,,,,,,,,,,,,,,,,,,,
318,Carvanha,Water,Dark,305,45,90,20,65,20,65,3,FALSE,,,,,,,,,,,,,,,,,,,,,,,,,,,,,,,,,,,,,,,,,,,,,,,,,
319,Sharpedo,Water,Dark,460,70,120,40,95,40,95,3,FALSE,,,,,,,,,,,,,,,,,,,,,,,,,,,,,,,,,,,,,,,,,,,,,,,,,
320,Wailmer,Water,,400,130,70,35,70,35,60,3,FALSE,,,,,,,,,,,,,,,,,,,,,,,,,,,,,,,,,,,,,,,,,,,,,,,,,
321,Wailord,Water,,500,170,90,45,90,45,60,3,FALSE,,,,,,,,,,,,,,,,,,,,,,,,,,,,,,,,,,,,,,,,,,,,,,,,,
322,Numel,Fire,Ground,305,60,60,40,65,45,35,3,FALSE,,,,,,,,,,,,,,,,,,,,,,,,,,,,,,,,,,,,,,,,,,,,,,,,,
323,Camerupt,Fire,Ground,460,70,100,70,105,75,40,3,FALSE,,,,,,,,,,,,,,,,,,,,,,,,,,,,,,,,,,,,,,,,,,,,,,,,,
324,Torkoal,Fire,,470,70,85,140,85,70,20,3,FALSE,,,,,,,,,,,,,,,,,,,,,,,,,,,,,,,,,,,,,,,,,,,,,,,,,
325,Spoink,Psychic,,330,60,25,35,70,80,60,3,FALSE,,,,,,,,,,,,,,,,,,,,,,,,,,,,,,,,,,,,,,,,,,,,,,,,,
326,Grumpig,Psychic,,470,80,45,65,90,110,80,3,FALSE,,,,,,,,,,,,,,,,,,,,,,,,,,,,,,,,,,,,,,,,,,,,,,,,,
327,Spinda,Normal,,360,60,60,60,60,60,60,3,FALSE,,,,,,,,,,,,,,,,,,,,,,,,,,,,,,,,,,,,,,,,,,,,,,,,,
328,Trapinch,Ground,,290,45,100,45,45,45,10,3,FALSE,,,,,,,,,,,,,,,,,,,,,,,,,,,,,,,,,,,,,,,,,,,,,,,,,
329,Vibrava,Ground,Dragon,340,50,70,50,50,50,70,3,FALSE,,,,,,,,,,,,,,,,,,,,,,,,,,,,,,,,,,,,,,,,,,,,,,,,,
330,Flygon,Ground,Dragon,520,80,100,80,80,80,100,3,FALSE,,,,,,,,,,,,,,,,,,,,,,,,,,,,,,,,,,,,,,,,,,,,,,,,,
331,Cacnea,Grass,,335,50,85,40,85,40,35,3,FALSE,,,,,,,,,,,,,,,,,,,,,,,,,,,,,,,,,,,,,,,,,,,,,,,,,
332,Cacturne,Grass,Dark,475,70,115,60,115,60,55,3,FALSE,,,,,,,,,,,,,,,,,,,,,,,,,,,,,,,,,,,,,,,,,,,,,,,,,
333,Swablu,Normal,Flying,310,45,40,60,40,75,50,3,FALSE,,,,,,,,,,,,,,,,,,,,,,,,,,,,,,,,,,,,,,,,,,,,,,,,,
334,Altaria,Dragon,Flying,490,75,70,90,70,105,80,3,FALSE,,,,,,,,,,,,,,,,,,,,,,,,,,,,,,,,,,,,,,,,,,,,,,,,,
335,Zangoose,Normal,,458,73,115,60,60,60,90,3,FALSE,,,,,,,,,,,,,,,,,,,,,,,,,,,,,,,,,,,,,,,,,,,,,,,,,
336,Seviper,Poison,,458,73,100,60,100,60,65,3,FALSE,,,,,,,,,,,,,,,,,,,,,,,,,,,,,,,,,,,,,,,,,,,,,,,,,
337,Lunatone,Rock,Psychic,440,70,55,65,95,85,70,3,FALSE,,,,,,,,,,,,,,,,,,,,,,,,,,,,,,,,,,,,,,,,,,,,,,,,,
338,Solrock,Rock,Psychic,440,70,95,85,55,65,70,3,FALSE,,,,,,,,,,,,,,,,,,,,,,,,,,,,,,,,,,,,,,,,,,,,,,,,,
339,Barboach,Water,Ground,288,50,48,43,46,41,60,3,FALSE,,,,,,,,,,,,,,,,,,,,,,,,,,,,,,,,,,,,,,,,,,,,,,,,,
340,Whiscash,Water,Ground,468,110,78,73,76,71,60,3,FALSE,,,,,,,,,,,,,,,,,,,,,,,,,,,,,,,,,,,,,,,,,,,,,,,,,
341,Corphish,Water,,308,43,80,65,50,35,35,3,FALSE,,,,,,,,,,,,,,,,,,,,,,,,,,,,,,,,,,,,,,,,,,,,,,,,,
342,Crawdaunt,Water,Dark,468,63,120,85,90,55,55,3,FALSE,,,,,,,,,,,,,,,,,,,,,,,,,,,,,,,,,,,,,,,,,,,,,,,,,
343,Baltoy,Ground,Psychic,300,40,40,55,40,70,55,3,FALSE,,,,,,,,,,,,,,,,,,,,,,,,,,,,,,,,,,,,,,,,,,,,,,,,,
344,Claydol,Ground,Psychic,500,60,70,105,70,120,75,3,FALSE,,,,,,,,,,,,,,,,,,,,,,,,,,,,,,,,,,,,,,,,,,,,,,,,,
345,Lileep,Rock,Grass,355,66,41,77,61,87,23,3,FALSE,,,,,,,,,,,,,,,,,,,,,,,,,,,,,,,,,,,,,,,,,,,,,,,,,
346,Cradily,Rock,Grass,495,86,81,97,81,107,43,3,FALSE,,,,,,,,,,,,,,,,,,,,,,,,,,,,,,,,,,,,,,,,,,,,,,,,,
347,Anorith,Rock,Bug,355,45,95,50,40,50,75,3,FALSE,,,,,,,,,,,,,,,,,,,,,,,,,,,,,,,,,,,,,,,,,,,,,,,,,
348,Armaldo,Rock,Bug,495,75,125,100,70,80,45,3,FALSE,,,,,,,,,,,,,,,,,,,,,,,,,,,,,,,,,,,,,,,,,,,,,,,,,
349,Feebas,Water,,200,20,15,20,10,55,80,3,FALSE,,,,,,,,,,,,,,,,,,,,,,,,,,,,,,,,,,,,,,,,,,,,,,,,,
350,Milotic,Water,,540,95,60,79,100,125,81,3,FALSE,,,,,,,,,,,,,,,,,,,,,,,,,,,,,,,,,,,,,,,,,,,,,,,,,
351,Castform,Normal,,420,70,70,70,70,70,70,3,FALSE,,,,,,,,,,,,,,,,,,,,,,,,,,,,,,,,,,,,,,,,,,,,,,,,,
352,Kecleon,Normal,,440,60,90,70,60,120,40,3,FALSE,,,,,,,,,,,,,,,,,,,,,,,,,,,,,,,,,,,,,,,,,,,,,,,,,
353,Shuppet,Ghost,,295,44,75,35,63,33,45,3,FALSE,,,,,,,,,,,,,,,,,,,,,,,,,,,,,,,,,,,,,,,,,,,,,,,,,
354,Banette,Ghost,,455,64,115,65,83,63,65,3,FALSE,,,,,,,,,,,,,,,,,,,,,,,,,,,,,,,,,,,,,,,,,,,,,,,,,
355,Duskull,Ghost,,295,20,40,90,30,90,25,3,FALSE,,,,,,,,,,,,,,,,,,,,,,,,,,,,,,,,,,,,,,,,,,,,,,,,,
356,Dusclops,Ghost,,455,40,70,130,60,130,25,3,FALSE,,,,,,,,,,,,,,,,,,,,,,,,,,,,,,,,,,,,,,,,,,,,,,,,,
357,Tropius,Grass,Flying,460,99,68,83,72,87,51,3,FALSE,,,,,,,,,,,,,,,,,,,,,,,,,,,,,,,,,,,,,,,,,,,,,,,,,
358,Chimecho,Psychic,,425,65,50,70,95,80,65,3,FALSE,,,,,,,,,,,,,,,,,,,,,,,,,,,,,,,,,,,,,,,,,,,,,,,,,
359,Absol,Dark,,465,65,130,60,75,60,75,3,FALSE,,,,,,,,,,,,,,,,,,,,,,,,,,,,,,,,,,,,,,,,,,,,,,,,,
360,Wynaut,Psychic,,260,95,23,48,23,48,23,3,FALSE,,,,,,,,,,,,,,,,,,,,,,,,,,,,,,,,,,,,,,,,,,,,,,,,,
361,Snorunt,Ice,,300,50,50,50,50,50,50,3,FALSE,,,,,,,,,,,,,,,,,,,,,,,,,,,,,,,,,,,,,,,,,,,,,,,,,
362,Glalie,Ice,,480,80,80,80,80,80,80,3,FALSE,,,,,,,,,,,,,,,,,,,,,,,,,,,,,,,,,,,,,,,,,,,,,,,,,
363,Spheal,Ice,Water,290,70,40,50,55,50,25,3,FALSE,,,,,,,,,,,,,,,,,,,,,,,,,,,,,,,,,,,,,,,,,,,,,,,,,
364,Sealeo,Ice,Water,410,90,60,70,75,70,45,3,FALSE,,,,,,,,,,,,,,,,,,,,,,,,,,,,,,,,,,,,,,,,,,,,,,,,,
365,Walrein,Ice,Water,530,110,80,90,95,90,65,3,FALSE,,,,,,,,,,,,,,,,,,,,,,,,,,,,,,,,,,,,,,,,,,,,,,,,,
